country_code,sex,volume,cancer,rank,cases,py,asr,per1,per2,cancer_label,country_label
208,1,1,40,21,134,10025071,1.22,1943,1947,Oropharynx,Denmark
208,1,1,41,28,50,10025071,0.46,1943,1947,Nasopharynx,Denmark
208,1,1,50,32,11,10025071,0.1,1943,1947,Hypopharynx,Denmark
208,1,1,60,10,576,10025071,5.18,1943,1947,Oesophagus,Denmark
208,1,1,70,1,4592,10025071,40.74,1943,1947,Stomach,Denmark
208,1,1,80,27,69,10025071,0.62,1943,1947,Small intestine,Denmark
208,1,1,105,33,3,10025071,0.03,1943,1947,Anus and anal canal,Denmark
208,1,1,110,14,319,10025071,2.81,1943,1947,Liver,Denmark
208,1,1,120,24,99,10025071,0.91,1943,1947,Gallbladder,Denmark
208,1,1,130,12,415,10025071,3.75,1943,1947,Pancreas,Denmark
208,1,1,140,26,73,10025071,0.67,1943,1947,"Nasal Cavity, middle ear and sinuses",Denmark
208,1,1,150,17,178,10025071,1.61,1943,1947,Larynx,Denmark
208,1,1,160,4,1339,10025071,12.08,1943,1947,Lung,Denmark
208,1,1,170,31,37,10025071,0.34,1943,1947,Pleura,Denmark
208,1,1,180,29,46,10025071,0.43,1943,1947,Breast,Denmark
208,1,1,190,35,0,10025071,0,1943,1947,Cervix uteri,Denmark
208,1,1,200,36,0,10025071,0,1943,1947,Corpus uteri,Denmark
208,1,1,210,37,0,10025071,0,1943,1947,"Uterus, other",Denmark
208,1,1,220,38,0,10025071,0,1943,1947,Ovary and tubes,Denmark
208,1,1,227,39,0,10025071,0,1943,1947,Vulva,Denmark
208,1,1,228,40,0,10025071,0,1943,1947,Vagina,Denmark
208,1,1,229,41,0,10025071,0,1943,1947,Other female genital organs,Denmark
208,1,1,240,5,1310,10025071,11.5,1943,1947,Prostate,Denmark
208,1,1,250,13,342,10025071,3.09,1943,1947,Testis,Denmark
208,1,1,260,19,140,10025071,1.26,1943,1947,Penis and other male genital organs,Denmark
208,1,1,270,11,439,10025071,4.02,1943,1947,Kidney,Denmark
208,1,1,280,8,681,10025071,6.18,1943,1947,Bladder and urinary tract,Denmark
208,1,1,290,23,111,10025071,0.99,1943,1947,Melanoma of skin,Denmark
208,1,1,300,3,1842,10025071,16.72,1943,1947,"Skin, non-melanoma",Denmark
208,1,1,310,22,118,10025071,1.11,1943,1947,Eye,Denmark
208,1,1,315,34,1,10025071,0.01,1943,1947,Endocrine tumors of brain and CNS,Denmark
208,1,1,320,9,613,10025071,5.75,1943,1947,Brain and CNS excluding endocrine tumors,Denmark
208,1,1,330,30,42,10025071,0.38,1943,1947,Thyroid,Denmark
208,1,1,340,20,128,10025071,1.24,1943,1947,Bone,Denmark
208,1,1,350,16,204,10025071,1.93,1943,1947,Soft tissues,Denmark
208,1,1,360,15,243,10025071,2.21,1943,1947,Non Hodgkin lymphomas,Denmark
208,1,1,370,18,167,10025071,1.51,1943,1947,Hodgkin lymphomas,Denmark
208,1,1,380,25,92,10025071,0.83,1943,1947,Multiple myelomas,Denmark
208,1,1,394,42,0,10025071,0,1943,1947,Other hematopoietic diseases,Denmark
208,1,1,400,7,688,10025071,6.56,1943,1947,Leukaemias,Denmark
208,1,1,403,43,0,10025071,0,1943,1947,Other and unspecified lymphatic leukaemias,Denmark
208,1,1,510,6,1034,10025071,9.3,1943,1947,"Lip, oral cavity and pharynx",Denmark
208,1,1,520,2,3871,10025071,34.75,1943,1947,Colorectal,Denmark
208,1,10,40,16,1579,14388214,6.21,2016,2020,Oropharynx,Denmark
208,1,10,41,34,74,14388214,0.33,2016,2020,Nasopharynx,Denmark
208,1,10,50,26,427,14388214,1.52,2016,2020,Hypopharynx,Denmark
208,1,10,60,15,2100,14388214,6.84,2016,2020,Oesophagus,Denmark
208,1,10,70,14,2323,14388214,7.59,2016,2020,Stomach,Denmark
208,1,10,80,23,644,14388214,2.16,2016,2020,Small intestine,Denmark
208,1,10,105,30,240,14388214,0.9,2016,2020,Anus and anal canal,Denmark
208,1,10,110,17,1749,14388214,5.59,2016,2020,Liver,Denmark
208,1,10,120,24,537,14388214,1.8,2016,2020,Gallbladder,Denmark
208,1,10,130,13,2810,14388214,8.87,2016,2020,Pancreas,Denmark
208,1,10,140,31,208,14388214,0.75,2016,2020,"Nasal Cavity, middle ear and sinuses",Denmark
208,1,10,150,19,958,14388214,3.21,2016,2020,Larynx,Denmark
208,1,10,160,3,12094,14388214,36.91,2016,2020,Lung,Denmark
208,1,10,170,25,609,14388214,1.68,2016,2020,Pleura,Denmark
208,1,10,180,32,228,14388214,0.75,2016,2020,Breast,Denmark
208,1,10,190,37,0,14388214,0,2016,2020,Cervix uteri,Denmark
208,1,10,200,38,0,14388214,0,2016,2020,Corpus uteri,Denmark
208,1,10,210,39,0,14388214,0,2016,2020,"Uterus, other",Denmark
208,1,10,220,40,0,14388214,0,2016,2020,Ovary and tubes,Denmark
208,1,10,227,41,0,14388214,0,2016,2020,Vulva,Denmark
208,1,10,228,42,0,14388214,0,2016,2020,Vagina,Denmark
208,1,10,229,43,0,14388214,0,2016,2020,Other female genital organs,Denmark
208,1,10,240,1,22712,14388214,70.75,2016,2020,Prostate,Denmark
208,1,10,250,12,1580,14388214,10.51,2016,2020,Testis,Denmark
208,1,10,260,27,362,14388214,1.24,2016,2020,Penis and other male genital organs,Denmark
208,1,10,270,10,3444,14388214,12.68,2016,2020,Kidney,Denmark
208,1,10,280,5,8504,14388214,25.61,2016,2020,Bladder and urinary tract,Denmark
208,1,10,290,6,6485,14388214,24.97,2016,2020,Melanoma of skin,Denmark
208,1,10,300,4,10235,14388214,26.38,2016,2020,"Skin, non-melanoma",Denmark
208,1,10,310,29,233,14388214,1.05,2016,2020,Eye,Denmark
208,1,10,315,36,5,14388214,0.03,2016,2020,Endocrine tumors of brain and CNS,Denmark
208,1,10,320,7,3992,14388214,17.91,2016,2020,Brain and CNS excluding endocrine tumors,Denmark
208,1,10,330,20,685,14388214,3.05,2016,2020,Thyroid,Denmark
208,1,10,340,28,202,14388214,1.21,2016,2020,Bone,Denmark
208,1,10,350,22,627,14388214,2.42,2016,2020,Soft tissues,Denmark
208,1,10,360,8,4128,14388214,14.55,2016,2020,Non Hodgkin lymphomas,Denmark
208,1,10,370,21,477,14388214,2.68,2016,2020,Hodgkin lymphomas,Denmark
208,1,10,380,18,1635,14388214,5.09,2016,2020,Multiple myelomas,Denmark
208,1,10,394,35,35,14388214,0.09,2016,2020,Other hematopoietic diseases,Denmark
208,1,10,400,11,3098,14388214,11.99,2016,2020,Leukaemias,Denmark
208,1,10,403,33,192,14388214,0.73,2016,2020,Other and unspecified lymphatic leukaemias,Denmark
208,1,10,510,9,3484,14388214,13.23,2016,2020,"Lip, oral cavity and pharynx",Denmark
208,1,10,520,2,13318,14388214,42.15,2016,2020,Colorectal,Denmark
208,2,1,40,30,53,10216666,0.45,1943,1947,Oropharynx,Denmark
208,2,1,41,34,20,10216666,0.18,1943,1947,Nasopharynx,Denmark
208,2,1,50,36,10,10216666,0.08,1943,1947,Hypopharynx,Denmark
208,2,1,60,16,318,10216666,2.49,1943,1947,Oesophagus,Denmark
208,2,1,70,2,3691,10216666,29.32,1943,1947,Stomach,Denmark
208,2,1,80,28,70,10216666,0.57,1943,1947,Small intestine,Denmark
208,2,1,105,35,14,10216666,0.12,1943,1947,Anus and anal canal,Denmark
208,2,1,110,10,472,10216666,3.74,1943,1947,Liver,Denmark
208,2,1,120,18,251,10216666,2.04,1943,1947,Gallbladder,Denmark
208,2,1,130,13,364,10216666,2.95,1943,1947,Pancreas,Denmark
208,2,1,140,32,47,10216666,0.39,1943,1947,"Nasal Cavity, middle ear and sinuses",Denmark
208,2,1,150,31,51,10216666,0.44,1943,1947,Larynx,Denmark
208,2,1,160,11,405,10216666,3.33,1943,1947,Lung,Denmark
208,2,1,170,33,25,10216666,0.21,1943,1947,Pleura,Denmark
208,2,1,180,1,5145,10216666,42.79,1943,1947,Breast,Denmark
208,2,1,190,4,2957,10216666,24.71,1943,1947,Cervix uteri,Denmark
208,2,1,200,7,1067,10216666,9,1943,1947,Corpus uteri,Denmark
208,2,1,210,17,271,10216666,2.22,1943,1947,"Uterus, other",Denmark
208,2,1,220,6,1268,10216666,10.7,1943,1947,Ovary and tubes,Denmark
208,2,1,227,19,228,10216666,1.88,1943,1947,Vulva,Denmark
208,2,1,228,29,66,10216666,0.52,1943,1947,Vagina,Denmark
208,2,1,229,37,0,10216666,0,1943,1947,Other female genital organs,Denmark
208,2,1,240,38,0,10216666,0,1943,1947,Prostate,Denmark
208,2,1,250,39,0,10216666,0,1943,1947,Testis,Denmark
208,2,1,260,40,0,10216666,0,1943,1947,Penis and other male genital organs,Denmark
208,2,1,270,12,363,10216666,3.01,1943,1947,Kidney,Denmark
208,2,1,280,15,308,10216666,2.55,1943,1947,Bladder and urinary tract,Denmark
208,2,1,290,22,140,10216666,1.2,1943,1947,Melanoma of skin,Denmark
208,2,1,300,5,1332,10216666,10.78,1943,1947,"Skin, non-melanoma",Denmark
208,2,1,310,26,81,10216666,0.7,1943,1947,Eye,Denmark
208,2,1,315,41,0,10216666,0,1943,1947,Endocrine tumors of brain and CNS,Denmark
208,2,1,320,8,581,10216666,5.23,1943,1947,Brain and CNS excluding endocrine tumors,Denmark
208,2,1,330,24,122,10216666,0.99,1943,1947,Thyroid,Denmark
208,2,1,340,25,99,10216666,0.92,1943,1947,Bone,Denmark
208,2,1,350,21,184,10216666,1.59,1943,1947,Soft tissues,Denmark
208,2,1,360,20,205,10216666,1.78,1943,1947,Non Hodgkin lymphomas,Denmark
208,2,1,370,23,119,10216666,1.09,1943,1947,Hodgkin lymphomas,Denmark
208,2,1,380,27,73,10216666,0.61,1943,1947,Multiple myelomas,Denmark
208,2,1,394,42,0,10216666,0,1943,1947,Other hematopoietic diseases,Denmark
208,2,1,400,9,497,10216666,4.55,1943,1947,Leukaemias,Denmark
208,2,1,403,43,0,10216666,0,1943,1947,Other and unspecified lymphatic leukaemias,Denmark
208,2,1,510,14,354,10216666,2.94,1943,1947,"Lip, oral cavity and pharynx",Denmark
208,2,1,520,3,3376,10216666,27.28,1943,1947,Colorectal,Denmark
208,2,10,40,21,581,14526691,2.17,2016,2020,Oropharynx,Denmark
208,2,10,41,36,39,14526691,0.18,2016,2020,Nasopharynx,Denmark
208,2,10,50,35,81,14526691,0.27,2016,2020,Hypopharynx,Denmark
208,2,10,60,19,781,14526691,2.24,2016,2020,Oesophagus,Denmark
208,2,10,70,18,1093,14526691,3.25,2016,2020,Stomach,Denmark
208,2,10,80,27,519,14526691,1.69,2016,2020,Small intestine,Denmark
208,2,10,105,24,522,14526691,1.92,2016,2020,Anus and anal canal,Denmark
208,2,10,110,20,755,14526691,2.21,2016,2020,Liver,Denmark
208,2,10,120,26,651,14526691,1.78,2016,2020,Gallbladder,Denmark
208,2,10,130,14,2594,14526691,6.99,2016,2020,Pancreas,Denmark
208,2,10,140,31,154,14526691,0.59,2016,2020,"Nasal Cavity, middle ear and sinuses",Denmark
208,2,10,150,30,234,14526691,0.78,2016,2020,Larynx,Denmark
208,2,10,160,2,12455,14526691,36.3,2016,2020,Lung,Denmark
208,2,10,170,34,111,14526691,0.29,2016,2020,Pleura,Denmark
208,2,10,180,1,24122,14526691,90.81,2016,2020,Breast,Denmark
208,2,10,190,10,1709,14526691,8.91,2016,2020,Cervix uteri,Denmark
208,2,10,200,7,4053,14526691,12.91,2016,2020,Corpus uteri,Denmark
208,2,10,210,38,35,14526691,0.11,2016,2020,"Uterus, other",Denmark
208,2,10,220,9,2787,14526691,9.54,2016,2020,Ovary and tubes,Denmark
208,2,10,227,25,597,14526691,1.83,2016,2020,Vulva,Denmark
208,2,10,228,32,138,14526691,0.39,2016,2020,Vagina,Denmark
208,2,10,229,39,34,14526691,0.08,2016,2020,Other female genital organs,Denmark
208,2,10,240,41,0,14526691,0,2016,2020,Prostate,Denmark
208,2,10,250,42,0,14526691,0,2016,2020,Testis,Denmark
208,2,10,260,43,0,14526691,0,2016,2020,Penis and other male genital organs,Denmark
208,2,10,270,16,1602,14526691,5.5,2016,2020,Kidney,Denmark
208,2,10,280,11,3046,14526691,8.5,2016,2020,Bladder and urinary tract,Denmark
208,2,10,290,4,6901,14526691,29.62,2016,2020,Melanoma of skin,Denmark
208,2,10,300,6,7804,14526691,17.94,2016,2020,"Skin, non-melanoma",Denmark
208,2,10,310,28,227,14526691,1.03,2016,2020,Eye,Denmark
208,2,10,315,40,4,14526691,0.02,2016,2020,Endocrine tumors of brain and CNS,Denmark
208,2,10,320,5,5413,14526691,22.5,2016,2020,Brain and CNS excluding endocrine tumors,Denmark
208,2,10,330,12,1575,14526691,8.04,2016,2020,Thyroid,Denmark
208,2,10,340,29,166,14526691,1.03,2016,2020,Bone,Denmark
208,2,10,350,23,487,14526691,2,2016,2020,Soft tissues,Denmark
208,2,10,360,8,3156,14526691,10.02,2016,2020,Non Hodgkin lymphomas,Denmark
208,2,10,370,22,340,14526691,2.12,2016,2020,Hodgkin lymphomas,Denmark
208,2,10,380,17,1209,14526691,3.4,2016,2020,Multiple myelomas,Denmark
208,2,10,394,37,49,14526691,0.14,2016,2020,Other hematopoietic diseases,Denmark
208,2,10,400,13,2013,14526691,7.32,2016,2020,Leukaemias,Denmark
208,2,10,403,33,107,14526691,0.33,2016,2020,Other and unspecified lymphatic leukaemias,Denmark
208,2,10,510,15,1592,14526691,5.58,2016,2020,"Lip, oral cavity and pharynx",Denmark
208,2,10,520,3,11240,14526691,31.88,2016,2020,Colorectal,Denmark
246,1,1,40,26,54,10151751.5,0.65,1953,1957,Oropharynx,Finland
246,1,1,41,30,19,10151751.5,0.21,1953,1957,Nasopharynx,Finland
246,1,1,50,29,43,10151751.5,0.48,1953,1957,Hypopharynx,Finland
246,1,1,60,6,769,10151751.5,9.05,1953,1957,Oesophagus,Finland
246,1,1,70,1,5486,10151751.5,62.97,1953,1957,Stomach,Finland
246,1,1,80,28,56,10151751.5,0.61,1953,1957,Small intestine,Finland
246,1,1,105,36,0,10151751.5,0,1953,1957,Anus and anal canal,Finland
246,1,1,110,17,149,10151751.5,1.7,1953,1957,Liver,Finland
246,1,1,120,27,55,10151751.5,0.65,1953,1957,Gallbladder,Finland
246,1,1,130,7,533,10151751.5,5.96,1953,1957,Pancreas,Finland
246,1,1,140,20,94,10151751.5,1.01,1953,1957,"Nasal Cavity, middle ear and sinuses",Finland
246,1,1,150,10,509,10151751.5,5.41,1953,1957,Larynx,Finland
246,1,1,160,2,4717,10151751.5,52.34,1953,1957,Lung,Finland
246,1,1,170,32,5,10151751.5,0.05,1953,1957,Pleura,Finland
246,1,1,180,31,16,10151751.5,0.2,1953,1957,Breast,Finland
246,1,1,190,37,0,10151751.5,0,1953,1957,Cervix uteri,Finland
246,1,1,200,38,0,10151751.5,0,1953,1957,Corpus uteri,Finland
246,1,1,210,39,0,10151751.5,0,1953,1957,"Uterus, other",Finland
246,1,1,220,40,0,10151751.5,0,1953,1957,Ovary and tubes,Finland
246,1,1,227,41,0,10151751.5,0,1953,1957,Vulva,Finland
246,1,1,228,42,0,10151751.5,0,1953,1957,Vagina,Finland
246,1,1,229,43,0,10151751.5,0,1953,1957,Other female genital organs,Finland
246,1,1,240,3,1113,10151751.5,14.05,1953,1957,Prostate,Finland
246,1,1,250,22,80,10151751.5,0.8,1953,1957,Testis,Finland
246,1,1,260,25,61,10151751.5,0.66,1953,1957,Penis and other male genital organs,Finland
246,1,1,270,14,316,10151751.5,3.41,1953,1957,Kidney,Finland
246,1,1,280,9,496,10151751.5,5.92,1953,1957,Bladder and urinary tract,Finland
246,1,1,290,19,141,10151751.5,1.47,1953,1957,Melanoma of skin,Finland
246,1,1,300,13,323,10151751.5,3.73,1953,1957,"Skin, non-melanoma",Finland
246,1,1,310,24,68,10151751.5,0.73,1953,1957,Eye,Finland
246,1,1,315,34,2,10151751.5,0.02,1953,1957,Endocrine tumors of brain and CNS,Finland
246,1,1,320,11,485,10151751.5,4.82,1953,1957,Brain and CNS excluding endocrine tumors,Finland
246,1,1,330,21,80,10151751.5,0.85,1953,1957,Thyroid,Finland
246,1,1,340,16,193,10151751.5,2.07,1953,1957,Bone,Finland
246,1,1,350,18,160,10151751.5,1.64,1953,1957,Soft tissues,Finland
246,1,1,360,12,362,10151751.5,3.94,1953,1957,Non Hodgkin lymphomas,Finland
246,1,1,370,15,263,10151751.5,2.61,1953,1957,Hodgkin lymphomas,Finland
246,1,1,380,23,69,10151751.5,0.74,1953,1957,Multiple myelomas,Finland
246,1,1,394,35,1,10151751.5,0.01,1953,1957,Other hematopoietic diseases,Finland
246,1,1,400,8,576,10151751.5,5.94,1953,1957,Leukaemias,Finland
246,1,1,403,33,5,10151751.5,0.05,1953,1957,Other and unspecified lymphatic leukaemias,Finland
246,1,1,510,4,1071,10151751.5,11.97,1953,1957,"Lip, oral cavity and pharynx",Finland
246,1,1,520,5,859,10151751.5,10.06,1953,1957,Colorectal,Finland
246,1,10,40,20,722,13600659,2.94,2016,2020,Oropharynx,Finland
246,1,10,41,35,63,13600659,0.29,2016,2020,Nasopharynx,Finland
246,1,10,50,31,165,13600659,0.58,2016,2020,Hypopharynx,Finland
246,1,10,60,16,1293,13600659,4.38,2016,2020,Oesophagus,Finland
246,1,10,70,15,1815,13600659,5.78,2016,2020,Stomach,Finland
246,1,10,80,24,510,13600659,1.75,2016,2020,Small intestine,Finland
246,1,10,105,33,107,13600659,0.38,2016,2020,Anus and anal canal,Finland
246,1,10,110,13,1910,13600659,5.92,2016,2020,Liver,Finland
246,1,10,120,22,716,13600659,2.23,2016,2020,Gallbladder,Finland
246,1,10,130,9,3268,13600659,10.26,2016,2020,Pancreas,Finland
246,1,10,140,30,159,13600659,0.61,2016,2020,"Nasal Cavity, middle ear and sinuses",Finland
246,1,10,150,23,558,13600659,1.88,2016,2020,Larynx,Finland
246,1,10,160,3,8891,13600659,26.65,2016,2020,Lung,Finland
246,1,10,170,25,360,13600659,0.95,2016,2020,Pleura,Finland
246,1,10,180,32,157,13600659,0.55,2016,2020,Breast,Finland
246,1,10,190,37,0,13600659,0,2016,2020,Cervix uteri,Finland
246,1,10,200,38,0,13600659,0,2016,2020,Corpus uteri,Finland
246,1,10,210,39,0,13600659,0,2016,2020,"Uterus, other",Finland
246,1,10,220,40,0,13600659,0,2016,2020,Ovary and tubes,Finland
246,1,10,227,41,0,13600659,0,2016,2020,Vulva,Finland
246,1,10,228,42,0,13600659,0,2016,2020,Vagina,Finland
246,1,10,229,43,0,13600659,0,2016,2020,Other female genital organs,Finland
246,1,10,240,1,25990,13600659,79.23,2016,2020,Prostate,Finland
246,1,10,250,14,801,13600659,5.88,2016,2020,Testis,Finland
246,1,10,260,26,217,13600659,0.84,2016,2020,Penis and other male genital organs,Finland
246,1,10,270,8,3070,13600659,11.13,2016,2020,Kidney,Finland
246,1,10,280,5,5253,13600659,15.39,2016,2020,Bladder and urinary tract,Finland
246,1,10,290,4,4612,13600659,17.32,2016,2020,Melanoma of skin,Finland
246,1,10,300,6,5146,13600659,13.09,2016,2020,"Skin, non-melanoma",Finland
246,1,10,310,29,141,13600659,0.64,2016,2020,Eye,Finland
246,1,10,315,36,8,13600659,0.08,2016,2020,Endocrine tumors of brain and CNS,Finland
246,1,10,320,10,2100,13600659,10.16,2016,2020,Brain and CNS excluding endocrine tumors,Finland
246,1,10,330,17,760,13600659,3.46,2016,2020,Thyroid,Finland
246,1,10,340,28,132,13600659,0.76,2016,2020,Bone,Finland
246,1,10,350,21,626,13600659,2.71,2016,2020,Soft tissues,Finland
246,1,10,360,7,3506,13600659,12.44,2016,2020,Non Hodgkin lymphomas,Finland
246,1,10,370,19,491,13600659,3.1,2016,2020,Hodgkin lymphomas,Finland
246,1,10,380,18,1048,13600659,3.34,2016,2020,Multiple myelomas,Finland
246,1,10,394,27,226,13600659,0.81,2016,2020,Other hematopoietic diseases,Finland
246,1,10,400,11,2044,13600659,8.76,2016,2020,Leukaemias,Finland
246,1,10,403,34,100,13600659,0.37,2016,2020,Other and unspecified lymphatic leukaemias,Finland
246,1,10,510,12,2207,13600659,8.4,2016,2020,"Lip, oral cavity and pharynx",Finland
246,1,10,520,2,9400,13600659,30.12,2016,2020,Colorectal,Finland
246,2,1,40,34,25,11015160.5,0.19,1953,1957,Oropharynx,Finland
246,2,1,41,35,17,11015160.5,0.13,1953,1957,Nasopharynx,Finland
246,2,1,50,30,59,11015160.5,0.48,1953,1957,Hypopharynx,Finland
246,2,1,60,7,799,11015160.5,6.27,1953,1957,Oesophagus,Finland
246,2,1,70,1,4694,11015160.5,36.5,1953,1957,Stomach,Finland
246,2,1,80,28,90,11015160.5,0.7,1953,1957,Small intestine,Finland
246,2,1,105,38,2,11015160.5,0.02,1953,1957,Anus and anal canal,Finland
246,2,1,110,25,140,11015160.5,1.05,1953,1957,Liver,Finland
246,2,1,120,24,138,11015160.5,1.09,1953,1957,Gallbladder,Finland
246,2,1,130,11,457,11015160.5,3.64,1953,1957,Pancreas,Finland
246,2,1,140,26,104,11015160.5,0.84,1953,1957,"Nasal Cavity, middle ear and sinuses",Finland
246,2,1,150,32,40,11015160.5,0.32,1953,1957,Larynx,Finland
246,2,1,160,10,482,11015160.5,3.75,1953,1957,Lung,Finland
246,2,1,170,36,6,11015160.5,0.05,1953,1957,Pleura,Finland
246,2,1,180,2,3216,11015160.5,25.85,1953,1957,Breast,Finland
246,2,1,190,3,1730,11015160.5,13.96,1953,1957,Cervix uteri,Finland
246,2,1,200,5,1064,11015160.5,8.58,1953,1957,Corpus uteri,Finland
246,2,1,210,23,146,11015160.5,1.17,1953,1957,"Uterus, other",Finland
246,2,1,220,6,797,11015160.5,6.44,1953,1957,Ovary and tubes,Finland
246,2,1,227,19,182,11015160.5,1.4,1953,1957,Vulva,Finland
246,2,1,228,33,38,11015160.5,0.31,1953,1957,Vagina,Finland
246,2,1,229,31,58,11015160.5,0.45,1953,1957,Other female genital organs,Finland
246,2,1,240,40,0,11015160.5,0,1953,1957,Prostate,Finland
246,2,1,250,41,0,11015160.5,0,1953,1957,Testis,Finland
246,2,1,260,42,0,11015160.5,0,1953,1957,Penis and other male genital organs,Finland
246,2,1,270,14,271,11015160.5,2.24,1953,1957,Kidney,Finland
246,2,1,280,21,158,11015160.5,1.26,1953,1957,Bladder and urinary tract,Finland
246,2,1,290,17,199,11015160.5,1.67,1953,1957,Melanoma of skin,Finland
246,2,1,300,12,361,11015160.5,2.93,1953,1957,"Skin, non-melanoma",Finland
246,2,1,310,29,74,11015160.5,0.64,1953,1957,Eye,Finland
246,2,1,315,37,3,11015160.5,0.03,1953,1957,Endocrine tumors of brain and CNS,Finland
246,2,1,320,9,445,11015160.5,3.83,1953,1957,Brain and CNS excluding endocrine tumors,Finland
246,2,1,330,16,246,11015160.5,1.96,1953,1957,Thyroid,Finland
246,2,1,340,18,170,11015160.5,1.45,1953,1957,Bone,Finland
246,2,1,350,20,158,11015160.5,1.34,1953,1957,Soft tissues,Finland
246,2,1,360,15,238,11015160.5,1.98,1953,1957,Non Hodgkin lymphomas,Finland
246,2,1,370,22,136,11015160.5,1.18,1953,1957,Hodgkin lymphomas,Finland
246,2,1,380,27,93,11015160.5,0.74,1953,1957,Multiple myelomas,Finland
246,2,1,394,43,0,11015160.5,0,1953,1957,Other hematopoietic diseases,Finland
246,2,1,400,8,482,11015160.5,4.1,1953,1957,Leukaemias,Finland
246,2,1,403,39,1,11015160.5,0.01,1953,1957,Other and unspecified lymphatic leukaemias,Finland
246,2,1,510,13,359,11015160.5,2.86,1953,1957,"Lip, oral cavity and pharynx",Finland
246,2,1,520,4,1226,11015160.5,9.63,1953,1957,Colorectal,Finland
246,2,10,40,26,295,13969529.5,1.13,2016,2020,Oropharynx,Finland
246,2,10,41,38,25,13969529.5,0.1,2016,2020,Nasopharynx,Finland
246,2,10,50,39,26,13969529.5,0.09,2016,2020,Hypopharynx,Finland
246,2,10,60,25,524,13969529.5,1.3,2016,2020,Oesophagus,Finland
246,2,10,70,17,1282,13969529.5,3.57,2016,2020,Stomach,Finland
246,2,10,80,23,450,13969529.5,1.42,2016,2020,Small intestine,Finland
246,2,10,105,31,150,13969529.5,0.52,2016,2020,Anus and anal canal,Finland
246,2,10,110,20,863,13969529.5,2.19,2016,2020,Liver,Finland
246,2,10,120,21,942,13969529.5,2.17,2016,2020,Gallbladder,Finland
246,2,10,130,11,3319,13969529.5,7.84,2016,2020,Pancreas,Finland
246,2,10,140,32,110,13969529.5,0.37,2016,2020,"Nasal Cavity, middle ear and sinuses",Finland
246,2,10,150,34,95,13969529.5,0.29,2016,2020,Larynx,Finland
246,2,10,160,4,5503,13969529.5,14.45,2016,2020,Lung,Finland
246,2,10,170,35,115,13969529.5,0.28,2016,2020,Pleura,Finland
246,2,10,180,1,24892,13969529.5,92.14,2016,2020,Breast,Finland
246,2,10,190,14,863,13969529.5,4.6,2016,2020,Cervix uteri,Finland
246,2,10,200,5,4483,13969529.5,13.35,2016,2020,Corpus uteri,Finland
246,2,10,210,37,50,13969529.5,0.12,2016,2020,"Uterus, other",Finland
246,2,10,220,9,2657,13969529.5,9.04,2016,2020,Ovary and tubes,Finland
246,2,10,227,24,547,13969529.5,1.41,2016,2020,Vulva,Finland
246,2,10,228,33,124,13969529.5,0.36,2016,2020,Vagina,Finland
246,2,10,229,27,315,13969529.5,0.69,2016,2020,Other female genital organs,Finland
246,2,10,240,41,0,13969529.5,0,2016,2020,Prostate,Finland
246,2,10,250,42,0,13969529.5,0,2016,2020,Testis,Finland
246,2,10,260,43,0,13969529.5,0,2016,2020,Penis and other male genital organs,Finland
246,2,10,270,12,1945,13969529.5,5.82,2016,2020,Kidney,Finland
246,2,10,280,16,1586,13969529.5,3.69,2016,2020,Bladder and urinary tract,Finland
246,2,10,290,3,4153,13969529.5,17.05,2016,2020,Melanoma of skin,Finland
246,2,10,300,10,4313,13969529.5,7.86,2016,2020,"Skin, non-melanoma",Finland
246,2,10,310,30,126,13969529.5,0.59,2016,2020,Eye,Finland
246,2,10,315,40,6,13969529.5,0.06,2016,2020,Endocrine tumors of brain and CNS,Finland
246,2,10,320,6,2893,13969529.5,12.47,2016,2020,Brain and CNS excluding endocrine tumors,Finland
246,2,10,330,7,1845,13969529.5,9.45,2016,2020,Thyroid,Finland
246,2,10,340,28,122,13969529.5,0.69,2016,2020,Bone,Finland
246,2,10,350,22,435,13969529.5,1.59,2016,2020,Soft tissues,Finland
246,2,10,360,8,3019,13969529.5,9.07,2016,2020,Non Hodgkin lymphomas,Finland
246,2,10,370,18,354,13969529.5,2.5,2016,2020,Hodgkin lymphomas,Finland
246,2,10,380,19,936,13969529.5,2.36,2016,2020,Multiple myelomas,Finland
246,2,10,394,29,213,13969529.5,0.64,2016,2020,Other hematopoietic diseases,Finland
246,2,10,400,13,1385,13969529.5,5.47,2016,2020,Leukaemias,Finland
246,2,10,403,36,46,13969529.5,0.13,2016,2020,Other and unspecified lymphatic leukaemias,Finland
246,2,10,510,15,1327,13969529.5,4.29,2016,2020,"Lip, oral cavity and pharynx",Finland
246,2,10,520,2,8275,13969529.5,22.23,2016,2020,Colorectal,Finland
304,1,1,40,17,2,135207,1.89,1977,1981,Oropharynx,Greenland
304,1,1,41,8,7,135207,5.74,1977,1981,Nasopharynx,Greenland
304,1,1,50,22,1,135207,0.99,1977,1981,Hypopharynx,Greenland
304,1,1,60,4,10,135207,15.72,1977,1981,Oesophagus,Greenland
304,1,1,70,7,7,135207,7.58,1977,1981,Stomach,Greenland
304,1,1,80,27,0,135207,0,1977,1981,Small intestine,Greenland
304,1,1,105,28,0,135207,0,1977,1981,Anus and anal canal,Greenland
304,1,1,110,19,1,135207,1.23,1977,1981,Liver,Greenland
304,1,1,120,29,0,135207,0,1977,1981,Gallbladder,Greenland
304,1,1,130,5,7,135207,11.64,1977,1981,Pancreas,Greenland
304,1,1,140,30,0,135207,0,1977,1981,"Nasal Cavity, middle ear and sinuses",Greenland
304,1,1,150,23,1,135207,0.99,1977,1981,Larynx,Greenland
304,1,1,160,1,44,135207,56.86,1977,1981,Lung,Greenland
304,1,1,170,31,0,135207,0,1977,1981,Pleura,Greenland
304,1,1,180,15,1,135207,2.03,1977,1981,Breast,Greenland
304,1,1,190,32,0,135207,0,1977,1981,Cervix uteri,Greenland
304,1,1,200,33,0,135207,0,1977,1981,Corpus uteri,Greenland
304,1,1,210,34,0,135207,0,1977,1981,"Uterus, other",Greenland
304,1,1,220,35,0,135207,0,1977,1981,Ovary and tubes,Greenland
304,1,1,227,36,0,135207,0,1977,1981,Vulva,Greenland
304,1,1,228,37,0,135207,0,1977,1981,Vagina,Greenland
304,1,1,229,38,0,135207,0,1977,1981,Other female genital organs,Greenland
304,1,1,240,10,2,135207,3.66,1977,1981,Prostate,Greenland
304,1,1,250,9,6,135207,4.2,1977,1981,Testis,Greenland
304,1,1,260,16,1,135207,2.03,1977,1981,Penis and other male genital organs,Greenland
304,1,1,270,13,2,135207,2.74,1977,1981,Kidney,Greenland
304,1,1,280,6,7,135207,9.56,1977,1981,Bladder and urinary tract,Greenland
304,1,1,290,18,2,135207,1.63,1977,1981,Melanoma of skin,Greenland
304,1,1,300,11,3,135207,3.46,1977,1981,"Skin, non-melanoma",Greenland
304,1,1,310,20,1,135207,1.23,1977,1981,Eye,Greenland
304,1,1,315,39,0,135207,0,1977,1981,Endocrine tumors of brain and CNS,Greenland
304,1,1,320,24,1,135207,0.6,1977,1981,Brain and CNS excluding endocrine tumors,Greenland
304,1,1,330,40,0,135207,0,1977,1981,Thyroid,Greenland
304,1,1,340,26,1,135207,0.52,1977,1981,Bone,Greenland
304,1,1,350,25,1,135207,0.6,1977,1981,Soft tissues,Greenland
304,1,1,360,14,3,135207,2.57,1977,1981,Non Hodgkin lymphomas,Greenland
304,1,1,370,21,1,135207,1.11,1977,1981,Hodgkin lymphomas,Greenland
304,1,1,380,12,2,135207,3.06,1977,1981,Multiple myelomas,Greenland
304,1,1,394,41,0,135207,0,1977,1981,Other hematopoietic diseases,Greenland
304,1,1,400,42,0,135207,0,1977,1981,Leukaemias,Greenland
304,1,1,403,43,0,135207,0,1977,1981,Other and unspecified lymphatic leukaemias,Greenland
304,1,1,510,3,17,135207,18.04,1977,1981,"Lip, oral cavity and pharynx",Greenland
304,1,1,520,2,18,135207,24.54,1977,1981,Colorectal,Greenland
304,1,10,40,15,11,147732,5.35,2016,2020,Oropharynx,Greenland
304,1,10,41,11,17,147732,7.89,2016,2020,Nasopharynx,Greenland
304,1,10,50,17,9,147732,4.2,2016,2020,Hypopharynx,Greenland
304,1,10,60,6,33,147732,17.66,2016,2020,Oesophagus,Greenland
304,1,10,70,5,37,147732,18.08,2016,2020,Stomach,Greenland
304,1,10,80,22,5,147732,2.28,2016,2020,Small intestine,Greenland
304,1,10,105,28,2,147732,1.15,2016,2020,Anus and anal canal,Greenland
304,1,10,110,9,17,147732,8.66,2016,2020,Liver,Greenland
304,1,10,120,24,4,147732,2.1,2016,2020,Gallbladder,Greenland
304,1,10,130,10,18,147732,8.15,2016,2020,Pancreas,Greenland
304,1,10,140,30,2,147732,0.81,2016,2020,"Nasal Cavity, middle ear and sinuses",Greenland
304,1,10,150,23,4,147732,2.12,2016,2020,Larynx,Greenland
304,1,10,160,2,139,147732,67.81,2016,2020,Lung,Greenland
304,1,10,170,26,4,147732,1.75,2016,2020,Pleura,Greenland
304,1,10,180,32,0,147732,0,2016,2020,Breast,Greenland
304,1,10,190,33,0,147732,0,2016,2020,Cervix uteri,Greenland
304,1,10,200,34,0,147732,0,2016,2020,Corpus uteri,Greenland
304,1,10,210,35,0,147732,0,2016,2020,"Uterus, other",Greenland
304,1,10,220,36,0,147732,0,2016,2020,Ovary and tubes,Greenland
304,1,10,227,37,0,147732,0,2016,2020,Vulva,Greenland
304,1,10,228,38,0,147732,0,2016,2020,Vagina,Greenland
304,1,10,229,39,0,147732,0,2016,2020,Other female genital organs,Greenland
304,1,10,240,4,40,147732,19.28,2016,2020,Prostate,Greenland
304,1,10,250,13,10,147732,6.13,2016,2020,Testis,Greenland
304,1,10,260,29,2,147732,0.9,2016,2020,Penis and other male genital organs,Greenland
304,1,10,270,7,28,147732,12.55,2016,2020,Kidney,Greenland
304,1,10,280,8,17,147732,9.82,2016,2020,Bladder and urinary tract,Greenland
304,1,10,290,21,5,147732,2.29,2016,2020,Melanoma of skin,Greenland
304,1,10,300,25,4,147732,2.04,2016,2020,"Skin, non-melanoma",Greenland
304,1,10,310,18,5,147732,3.7,2016,2020,Eye,Greenland
304,1,10,315,40,0,147732,0,2016,2020,Endocrine tumors of brain and CNS,Greenland
304,1,10,320,16,11,147732,5.11,2016,2020,Brain and CNS excluding endocrine tumors,Greenland
304,1,10,330,31,2,147732,0.78,2016,2020,Thyroid,Greenland
304,1,10,340,41,0,147732,0,2016,2020,Bone,Greenland
304,1,10,350,27,2,147732,1.25,2016,2020,Soft tissues,Greenland
304,1,10,360,12,18,147732,7.85,2016,2020,Non Hodgkin lymphomas,Greenland
304,1,10,370,20,5,147732,2.7,2016,2020,Hodgkin lymphomas,Greenland
304,1,10,380,19,6,147732,2.78,2016,2020,Multiple myelomas,Greenland
304,1,10,394,42,0,147732,0,2016,2020,Other hematopoietic diseases,Greenland
304,1,10,400,14,8,147732,5.49,2016,2020,Leukaemias,Greenland
304,1,10,403,43,0,147732,0,2016,2020,Other and unspecified lymphatic leukaemias,Greenland
304,1,10,510,3,46,147732,22.56,2016,2020,"Lip, oral cavity and pharynx",Greenland
304,1,10,520,1,152,147732,74.52,2016,2020,Colorectal,Greenland
304,2,1,40,26,0,114271,0,1977,1981,Oropharynx,Greenland
304,2,1,41,9,6,114271,7.06,1977,1981,Nasopharynx,Greenland
304,2,1,50,27,0,114271,0,1977,1981,Hypopharynx,Greenland
304,2,1,60,7,9,114271,11.72,1977,1981,Oesophagus,Greenland
304,2,1,70,12,6,114271,6.55,1977,1981,Stomach,Greenland
304,2,1,80,28,0,114271,0,1977,1981,Small intestine,Greenland
304,2,1,105,29,0,114271,0,1977,1981,Anus and anal canal,Greenland
304,2,1,110,30,0,114271,0,1977,1981,Liver,Greenland
304,2,1,120,15,3,114271,4.24,1977,1981,Gallbladder,Greenland
304,2,1,130,8,6,114271,7.49,1977,1981,Pancreas,Greenland
304,2,1,140,21,1,114271,1.3,1977,1981,"Nasal Cavity, middle ear and sinuses",Greenland
304,2,1,150,31,0,114271,0,1977,1981,Larynx,Greenland
304,2,1,160,3,18,114271,24.3,1977,1981,Lung,Greenland
304,2,1,170,32,0,114271,0,1977,1981,Pleura,Greenland
304,2,1,180,2,29,114271,30.57,1977,1981,Breast,Greenland
304,2,1,190,1,47,114271,47.36,1977,1981,Cervix uteri,Greenland
304,2,1,200,11,5,114271,6.71,1977,1981,Corpus uteri,Greenland
304,2,1,210,20,1,114271,1.52,1977,1981,"Uterus, other",Greenland
304,2,1,220,5,8,114271,12.1,1977,1981,Ovary and tubes,Greenland
304,2,1,227,24,1,114271,0.73,1977,1981,Vulva,Greenland
304,2,1,228,33,0,114271,0,1977,1981,Vagina,Greenland
304,2,1,229,34,0,114271,0,1977,1981,Other female genital organs,Greenland
304,2,1,240,35,0,114271,0,1977,1981,Prostate,Greenland
304,2,1,250,36,0,114271,0,1977,1981,Testis,Greenland
304,2,1,260,37,0,114271,0,1977,1981,Penis and other male genital organs,Greenland
304,2,1,270,13,5,114271,6.14,1977,1981,Kidney,Greenland
304,2,1,280,16,3,114271,4.18,1977,1981,Bladder and urinary tract,Greenland
304,2,1,290,38,0,114271,0,1977,1981,Melanoma of skin,Greenland
304,2,1,300,39,0,114271,0,1977,1981,"Skin, non-melanoma",Greenland
304,2,1,310,40,0,114271,0,1977,1981,Eye,Greenland
304,2,1,315,41,0,114271,0,1977,1981,Endocrine tumors of brain and CNS,Greenland
304,2,1,320,10,6,114271,6.91,1977,1981,Brain and CNS excluding endocrine tumors,Greenland
304,2,1,330,14,4,114271,4.68,1977,1981,Thyroid,Greenland
304,2,1,340,22,1,114271,0.91,1977,1981,Bone,Greenland
304,2,1,350,23,1,114271,0.82,1977,1981,Soft tissues,Greenland
304,2,1,360,18,2,114271,1.91,1977,1981,Non Hodgkin lymphomas,Greenland
304,2,1,370,25,1,114271,0.73,1977,1981,Hodgkin lymphomas,Greenland
304,2,1,380,19,1,114271,1.68,1977,1981,Multiple myelomas,Greenland
304,2,1,394,42,0,114271,0,1977,1981,Other hematopoietic diseases,Greenland
304,2,1,400,17,2,114271,2.09,1977,1981,Leukaemias,Greenland
304,2,1,403,43,0,114271,0,1977,1981,Other and unspecified lymphatic leukaemias,Greenland
304,2,1,510,6,10,114271,11.92,1977,1981,"Lip, oral cavity and pharynx",Greenland
304,2,1,520,4,12,114271,18.51,1977,1981,Colorectal,Greenland
304,2,10,40,22,3,132212,1.87,2016,2020,Oropharynx,Greenland
304,2,10,41,19,5,132212,2.59,2016,2020,Nasopharynx,Greenland
304,2,10,50,23,3,132212,1.86,2016,2020,Hypopharynx,Greenland
304,2,10,60,11,13,132212,7.13,2016,2020,Oesophagus,Greenland
304,2,10,70,7,19,132212,10.5,2016,2020,Stomach,Greenland
304,2,10,80,27,2,132212,1.29,2016,2020,Small intestine,Greenland
304,2,10,105,30,1,132212,0.58,2016,2020,Anus and anal canal,Greenland
304,2,10,110,15,8,132212,4.31,2016,2020,Liver,Greenland
304,2,10,120,13,7,132212,4.62,2016,2020,Gallbladder,Greenland
304,2,10,130,6,19,132212,10.91,2016,2020,Pancreas,Greenland
304,2,10,140,34,0,132212,0,2016,2020,"Nasal Cavity, middle ear and sinuses",Greenland
304,2,10,150,25,3,132212,1.82,2016,2020,Larynx,Greenland
304,2,10,160,3,118,132212,68.8,2016,2020,Lung,Greenland
304,2,10,170,35,0,132212,0,2016,2020,Pleura,Greenland
304,2,10,180,1,125,132212,73.49,2016,2020,Breast,Greenland
304,2,10,190,5,20,132212,14,2016,2020,Cervix uteri,Greenland
304,2,10,200,16,7,132212,3.92,2016,2020,Corpus uteri,Greenland
304,2,10,210,36,0,132212,0,2016,2020,"Uterus, other",Greenland
304,2,10,220,8,16,132212,9.03,2016,2020,Ovary and tubes,Greenland
304,2,10,227,37,0,132212,0,2016,2020,Vulva,Greenland
304,2,10,228,38,0,132212,0,2016,2020,Vagina,Greenland
304,2,10,229,31,1,132212,0.48,2016,2020,Other female genital organs,Greenland
304,2,10,240,39,0,132212,0,2016,2020,Prostate,Greenland
304,2,10,250,40,0,132212,0,2016,2020,Testis,Greenland
304,2,10,260,41,0,132212,0,2016,2020,Penis and other male genital organs,Greenland
304,2,10,270,12,10,132212,5.73,2016,2020,Kidney,Greenland
304,2,10,280,17,7,132212,3.74,2016,2020,Bladder and urinary tract,Greenland
304,2,10,290,21,4,132212,1.9,2016,2020,Melanoma of skin,Greenland
304,2,10,300,32,1,132212,0.48,2016,2020,"Skin, non-melanoma",Greenland
304,2,10,310,29,1,132212,0.69,2016,2020,Eye,Greenland
304,2,10,315,42,0,132212,0,2016,2020,Endocrine tumors of brain and CNS,Greenland
304,2,10,320,9,14,132212,8.53,2016,2020,Brain and CNS excluding endocrine tumors,Greenland
304,2,10,330,14,6,132212,4.32,2016,2020,Thyroid,Greenland
304,2,10,340,20,4,132212,2.24,2016,2020,Bone,Greenland
304,2,10,350,26,3,132212,1.54,2016,2020,Soft tissues,Greenland
304,2,10,360,10,14,132212,8.41,2016,2020,Non Hodgkin lymphomas,Greenland
304,2,10,370,28,1,132212,1,2016,2020,Hodgkin lymphomas,Greenland
304,2,10,380,24,4,132212,1.83,2016,2020,Multiple myelomas,Greenland
304,2,10,394,43,0,132212,0,2016,2020,Other hematopoietic diseases,Greenland
304,2,10,400,18,6,132212,3.13,2016,2020,Leukaemias,Greenland
304,2,10,403,33,1,132212,0.48,2016,2020,Other and unspecified lymphatic leukaemias,Greenland
304,2,10,510,4,25,132212,14.24,2016,2020,"Lip, oral cavity and pharynx",Greenland
304,2,10,520,2,124,132212,69.88,2016,2020,Colorectal,Greenland
352,1,1,40,29,2,416277,0.5,1955,1959,Oropharynx,Iceland
352,1,1,41,28,4,416277,0.95,1955,1959,Nasopharynx,Iceland
352,1,1,50,33,0,416277,0,1955,1959,Hypopharynx,Iceland
352,1,1,60,9,31,416277,7.24,1955,1959,Oesophagus,Iceland
352,1,1,70,1,308,416277,76.49,1955,1959,Stomach,Iceland
352,1,1,80,23,5,416277,1.28,1955,1959,Small intestine,Iceland
352,1,1,105,32,1,416277,0.21,1955,1959,Anus and anal canal,Iceland
352,1,1,110,19,8,416277,1.99,1955,1959,Liver,Iceland
352,1,1,120,25,5,416277,1.19,1955,1959,Gallbladder,Iceland
352,1,1,130,11,27,416277,6.25,1955,1959,Pancreas,Iceland
352,1,1,140,24,5,416277,1.2,1955,1959,"Nasal Cavity, middle ear and sinuses",Iceland
352,1,1,150,20,8,416277,1.87,1955,1959,Larynx,Iceland
352,1,1,160,4,42,416277,10.84,1955,1959,Lung,Iceland
352,1,1,170,34,0,416277,0,1955,1959,Pleura,Iceland
352,1,1,180,30,1,416277,0.26,1955,1959,Breast,Iceland
352,1,1,190,35,0,416277,0,1955,1959,Cervix uteri,Iceland
352,1,1,200,36,0,416277,0,1955,1959,Corpus uteri,Iceland
352,1,1,210,37,0,416277,0,1955,1959,"Uterus, other",Iceland
352,1,1,220,38,0,416277,0,1955,1959,Ovary and tubes,Iceland
352,1,1,227,39,0,416277,0,1955,1959,Vulva,Iceland
352,1,1,228,40,0,416277,0,1955,1959,Vagina,Iceland
352,1,1,229,41,0,416277,0,1955,1959,Other female genital organs,Iceland
352,1,1,240,2,69,416277,16.29,1955,1959,Prostate,Iceland
352,1,1,250,14,9,416277,2.21,1955,1959,Testis,Iceland
352,1,1,260,22,5,416277,1.29,1955,1959,Penis and other male genital organs,Iceland
352,1,1,270,7,30,416277,7.72,1955,1959,Kidney,Iceland
352,1,1,280,8,31,416277,7.62,1955,1959,Bladder and urinary tract,Iceland
352,1,1,290,31,1,416277,0.26,1955,1959,Melanoma of skin,Iceland
352,1,1,300,13,15,416277,3.42,1955,1959,"Skin, non-melanoma",Iceland
352,1,1,310,26,4,416277,1.11,1955,1959,Eye,Iceland
352,1,1,315,42,0,416277,0,1955,1959,Endocrine tumors of brain and CNS,Iceland
352,1,1,320,10,27,416277,6.58,1955,1959,Brain and CNS excluding endocrine tumors,Iceland
352,1,1,330,15,8,416277,2.18,1955,1959,Thyroid,Iceland
352,1,1,340,18,8,416277,2.01,1955,1959,Bone,Iceland
352,1,1,350,17,8,416277,2.11,1955,1959,Soft tissues,Iceland
352,1,1,360,12,15,416277,3.78,1955,1959,Non Hodgkin lymphomas,Iceland
352,1,1,370,16,8,416277,2.16,1955,1959,Hodgkin lymphomas,Iceland
352,1,1,380,27,4,416277,1.05,1955,1959,Multiple myelomas,Iceland
352,1,1,394,43,0,416277,0,1955,1959,Other hematopoietic diseases,Iceland
352,1,1,400,5,36,416277,8.41,1955,1959,Leukaemias,Iceland
352,1,1,403,21,7,416277,1.61,1955,1959,Other and unspecified lymphatic leukaemias,Iceland
352,1,1,510,6,34,416277,7.98,1955,1959,"Lip, oral cavity and pharynx",Iceland
352,1,1,520,3,52,416277,12.7,1955,1959,Colorectal,Iceland
352,1,10,40,18,43,896517,3.53,2016,2020,Oropharynx,Iceland
352,1,10,41,31,5,896517,0.46,2016,2020,Nasopharynx,Iceland
352,1,10,50,35,2,896517,0.16,2016,2020,Hypopharynx,Iceland
352,1,10,60,15,93,896517,5.97,2016,2020,Oesophagus,Iceland
352,1,10,70,17,70,896517,4.43,2016,2020,Stomach,Iceland
352,1,10,80,25,23,896517,1.38,2016,2020,Small intestine,Iceland
352,1,10,105,33,6,896517,0.41,2016,2020,Anus and anal canal,Iceland
352,1,10,110,16,83,896517,5.2,2016,2020,Liver,Iceland
352,1,10,120,21,33,896517,2.12,2016,2020,Gallbladder,Iceland
352,1,10,130,13,117,896517,7.29,2016,2020,Pancreas,Iceland
352,1,10,140,29,10,896517,0.82,2016,2020,"Nasal Cavity, middle ear and sinuses",Iceland
352,1,10,150,23,29,896517,1.7,2016,2020,Larynx,Iceland
352,1,10,160,3,389,896517,24.33,2016,2020,Lung,Iceland
352,1,10,170,28,17,896517,0.96,2016,2020,Pleura,Iceland
352,1,10,180,27,14,896517,0.98,2016,2020,Breast,Iceland
352,1,10,190,36,0,896517,0,2016,2020,Cervix uteri,Iceland
352,1,10,200,37,0,896517,0,2016,2020,Corpus uteri,Iceland
352,1,10,210,38,0,896517,0,2016,2020,"Uterus, other",Iceland
352,1,10,220,39,0,896517,0,2016,2020,Ovary and tubes,Iceland
352,1,10,227,40,0,896517,0,2016,2020,Vulva,Iceland
352,1,10,228,41,0,896517,0,2016,2020,Vagina,Iceland
352,1,10,229,42,0,896517,0,2016,2020,Other female genital organs,Iceland
352,1,10,240,1,1048,896517,68.08,2016,2020,Prostate,Iceland
352,1,10,250,12,72,896517,7.48,2016,2020,Testis,Iceland
352,1,10,260,26,15,896517,1.04,2016,2020,Penis and other male genital organs,Iceland
352,1,10,270,6,184,896517,13.43,2016,2020,Kidney,Iceland
352,1,10,280,4,327,896517,20.2,2016,2020,Bladder and urinary tract,Iceland
352,1,10,290,11,110,896517,7.49,2016,2020,Melanoma of skin,Iceland
352,1,10,300,5,342,896517,18.13,2016,2020,"Skin, non-melanoma",Iceland
352,1,10,310,34,2,896517,0.17,2016,2020,Eye,Iceland
352,1,10,315,43,0,896517,0,2016,2020,Endocrine tumors of brain and CNS,Iceland
352,1,10,320,7,156,896517,12.97,2016,2020,Brain and CNS excluding endocrine tumors,Iceland
352,1,10,330,20,38,896517,2.83,2016,2020,Thyroid,Iceland
352,1,10,340,30,6,896517,0.79,2016,2020,Bone,Iceland
352,1,10,350,24,20,896517,1.56,2016,2020,Soft tissues,Iceland
352,1,10,360,8,166,896517,12.3,2016,2020,Non Hodgkin lymphomas,Iceland
352,1,10,370,19,30,896517,3.02,2016,2020,Hodgkin lymphomas,Iceland
352,1,10,380,14,100,896517,6.02,2016,2020,Multiple myelomas,Iceland
352,1,10,394,22,26,896517,1.77,2016,2020,Other hematopoietic diseases,Iceland
352,1,10,400,9,145,896517,11.89,2016,2020,Leukaemias,Iceland
352,1,10,403,32,6,896517,0.42,2016,2020,Other and unspecified lymphatic leukaemias,Iceland
352,1,10,510,10,102,896517,8.17,2016,2020,"Lip, oral cavity and pharynx",Iceland
352,1,10,520,2,469,896517,30.35,2016,2020,Colorectal,Iceland
352,2,1,40,31,1,409312,0.25,1955,1959,Oropharynx,Iceland
352,2,1,41,24,4,409312,1.01,1955,1959,Nasopharynx,Iceland
352,2,1,50,34,1,409312,0.16,1955,1959,Hypopharynx,Iceland
352,2,1,60,11,25,409312,4.73,1955,1959,Oesophagus,Iceland
352,2,1,70,2,146,409312,29.62,1955,1959,Stomach,Iceland
352,2,1,80,26,4,409312,0.95,1955,1959,Small intestine,Iceland
352,2,1,105,35,0,409312,0,1955,1959,Anus and anal canal,Iceland
352,2,1,110,22,6,409312,1.36,1955,1959,Liver,Iceland
352,2,1,120,20,7,409312,1.51,1955,1959,Gallbladder,Iceland
352,2,1,130,14,16,409312,3.15,1955,1959,Pancreas,Iceland
352,2,1,140,32,1,409312,0.22,1955,1959,"Nasal Cavity, middle ear and sinuses",Iceland
352,2,1,150,33,1,409312,0.22,1955,1959,Larynx,Iceland
352,2,1,160,10,24,409312,5.38,1955,1959,Lung,Iceland
352,2,1,170,36,0,409312,0,1955,1959,Pleura,Iceland
352,2,1,180,1,154,409312,36.24,1955,1959,Breast,Iceland
352,2,1,190,3,64,409312,15.53,1955,1959,Cervix uteri,Iceland
352,2,1,200,6,37,409312,8.96,1955,1959,Corpus uteri,Iceland
352,2,1,210,37,0,409312,0,1955,1959,"Uterus, other",Iceland
352,2,1,220,5,53,409312,12.46,1955,1959,Ovary and tubes,Iceland
352,2,1,227,18,8,409312,1.79,1955,1959,Vulva,Iceland
352,2,1,228,27,3,409312,0.7,1955,1959,Vagina,Iceland
352,2,1,229,38,0,409312,0,1955,1959,Other female genital organs,Iceland
352,2,1,240,39,0,409312,0,1955,1959,Prostate,Iceland
352,2,1,250,40,0,409312,0,1955,1959,Testis,Iceland
352,2,1,260,41,0,409312,0,1955,1959,Penis and other male genital organs,Iceland
352,2,1,270,8,32,409312,7.26,1955,1959,Kidney,Iceland
352,2,1,280,13,17,409312,3.45,1955,1959,Bladder and urinary tract,Iceland
352,2,1,290,17,9,409312,2.17,1955,1959,Melanoma of skin,Iceland
352,2,1,300,23,6,409312,1.02,1955,1959,"Skin, non-melanoma",Iceland
352,2,1,310,29,2,409312,0.51,1955,1959,Eye,Iceland
352,2,1,315,42,0,409312,0,1955,1959,Endocrine tumors of brain and CNS,Iceland
352,2,1,320,7,32,409312,7.74,1955,1959,Brain and CNS excluding endocrine tumors,Iceland
352,2,1,330,9,29,409312,7.12,1955,1959,Thyroid,Iceland
352,2,1,340,19,6,409312,1.54,1955,1959,Bone,Iceland
352,2,1,350,30,2,409312,0.46,1955,1959,Soft tissues,Iceland
352,2,1,360,16,10,409312,2.34,1955,1959,Non Hodgkin lymphomas,Iceland
352,2,1,370,21,6,409312,1.39,1955,1959,Hodgkin lymphomas,Iceland
352,2,1,380,28,3,409312,0.6,1955,1959,Multiple myelomas,Iceland
352,2,1,394,43,0,409312,0,1955,1959,Other hematopoietic diseases,Iceland
352,2,1,400,12,16,409312,3.67,1955,1959,Leukaemias,Iceland
352,2,1,403,25,4,409312,0.97,1955,1959,Other and unspecified lymphatic leukaemias,Iceland
352,2,1,510,15,15,409312,2.98,1955,1959,"Lip, oral cavity and pharynx",Iceland
352,2,1,520,4,66,409312,12.55,1955,1959,Colorectal,Iceland
352,2,10,40,31,8,861955,0.63,2016,2020,Oropharynx,Iceland
352,2,10,41,35,1,861955,0.16,2016,2020,Nasopharynx,Iceland
352,2,10,50,37,2,861955,0.12,2016,2020,Hypopharynx,Iceland
352,2,10,60,25,23,861955,1.33,2016,2020,Oesophagus,Iceland
352,2,10,70,17,57,861955,3.66,2016,2020,Stomach,Iceland
352,2,10,80,24,20,861955,1.34,2016,2020,Small intestine,Iceland
352,2,10,105,26,18,861955,1.25,2016,2020,Anus and anal canal,Iceland
352,2,10,110,20,34,861955,2.01,2016,2020,Liver,Iceland
352,2,10,120,23,28,861955,1.76,2016,2020,Gallbladder,Iceland
352,2,10,130,15,100,861955,5.42,2016,2020,Pancreas,Iceland
352,2,10,140,34,4,861955,0.21,2016,2020,"Nasal Cavity, middle ear and sinuses",Iceland
352,2,10,150,32,6,861955,0.48,2016,2020,Larynx,Iceland
352,2,10,160,2,485,861955,29.2,2016,2020,Lung,Iceland
352,2,10,170,36,2,861955,0.16,2016,2020,Pleura,Iceland
352,2,10,180,1,1199,861955,89.48,2016,2020,Breast,Iceland
352,2,10,190,10,90,861955,8.47,2016,2020,Cervix uteri,Iceland
352,2,10,200,6,174,861955,11.76,2016,2020,Corpus uteri,Iceland
352,2,10,210,38,0,861955,0,2016,2020,"Uterus, other",Iceland
352,2,10,220,9,127,861955,8.5,2016,2020,Ovary and tubes,Iceland
352,2,10,227,22,29,861955,1.8,2016,2020,Vulva,Iceland
352,2,10,228,30,10,861955,0.65,2016,2020,Vagina,Iceland
352,2,10,229,39,0,861955,0,2016,2020,Other female genital organs,Iceland
352,2,10,240,40,0,861955,0,2016,2020,Prostate,Iceland
352,2,10,250,41,0,861955,0,2016,2020,Testis,Iceland
352,2,10,260,42,0,861955,0,2016,2020,Penis and other male genital organs,Iceland
352,2,10,270,12,104,861955,6.94,2016,2020,Kidney,Iceland
352,2,10,280,13,111,861955,6.75,2016,2020,Bladder and urinary tract,Iceland
352,2,10,290,7,137,861955,10.74,2016,2020,Melanoma of skin,Iceland
352,2,10,300,5,288,861955,13.8,2016,2020,"Skin, non-melanoma",Iceland
352,2,10,310,29,9,861955,0.67,2016,2020,Eye,Iceland
352,2,10,315,43,0,861955,0,2016,2020,Endocrine tumors of brain and CNS,Iceland
352,2,10,320,4,179,861955,15.31,2016,2020,Brain and CNS excluding endocrine tumors,Iceland
352,2,10,330,11,85,861955,7.6,2016,2020,Thyroid,Iceland
352,2,10,340,28,9,861955,0.84,2016,2020,Bone,Iceland
352,2,10,350,19,25,861955,2.08,2016,2020,Soft tissues,Iceland
352,2,10,360,8,133,861955,9.57,2016,2020,Non Hodgkin lymphomas,Iceland
352,2,10,370,21,17,861955,1.85,2016,2020,Hodgkin lymphomas,Iceland
352,2,10,380,16,77,861955,5.13,2016,2020,Multiple myelomas,Iceland
352,2,10,394,27,18,861955,1.19,2016,2020,Other hematopoietic diseases,Iceland
352,2,10,400,14,90,861955,6.41,2016,2020,Leukaemias,Iceland
352,2,10,403,33,5,861955,0.43,2016,2020,Other and unspecified lymphatic leukaemias,Iceland
352,2,10,510,18,49,861955,2.98,2016,2020,"Lip, oral cavity and pharynx",Iceland
352,2,10,520,3,440,861955,26.88,2016,2020,Colorectal,Iceland
578,1,1,40,24,84,8526828,0.77,1953,1957,Oropharynx,Norway
578,1,1,41,31,32,8526828,0.31,1953,1957,Nasopharynx,Norway
578,1,1,50,27,77,8526828,0.72,1953,1957,Hypopharynx,Norway
578,1,1,60,13,364,8526828,3.29,1953,1957,Oesophagus,Norway
578,1,1,70,1,4398,8526828,39.91,1953,1957,Stomach,Norway
578,1,1,80,28,62,8526828,0.6,1953,1957,Small intestine,Norway
578,1,1,105,33,23,8526828,0.2,1953,1957,Anus and anal canal,Norway
578,1,1,110,26,76,8526828,0.75,1953,1957,Liver,Norway
578,1,1,120,29,64,8526828,0.59,1953,1957,Gallbladder,Norway
578,1,1,130,9,600,8526828,5.61,1953,1957,Pancreas,Norway
578,1,1,140,22,88,8526828,0.81,1953,1957,"Nasal Cavity, middle ear and sinuses",Norway
578,1,1,150,18,121,8526828,1.16,1953,1957,Larynx,Norway
578,1,1,160,4,900,8526828,8.74,1953,1957,Lung,Norway
578,1,1,170,34,10,8526828,0.1,1953,1957,Pleura,Norway
578,1,1,180,32,29,8526828,0.24,1953,1957,Breast,Norway
578,1,1,190,36,0,8526828,0,1953,1957,Cervix uteri,Norway
578,1,1,200,37,0,8526828,0,1953,1957,Corpus uteri,Norway
578,1,1,210,38,0,8526828,0,1953,1957,"Uterus, other",Norway
578,1,1,220,39,0,8526828,0,1953,1957,Ovary and tubes,Norway
578,1,1,227,40,0,8526828,0,1953,1957,Vulva,Norway
578,1,1,228,41,0,8526828,0,1953,1957,Vagina,Norway
578,1,1,229,42,0,8526828,0,1953,1957,Other female genital organs,Norway
578,1,1,240,2,2908,8526828,25.01,1953,1957,Prostate,Norway
578,1,1,250,14,255,8526828,2.77,1953,1957,Testis,Norway
578,1,1,260,25,86,8526828,0.77,1953,1957,Penis and other male genital organs,Norway
578,1,1,270,12,352,8526828,3.44,1953,1957,Kidney,Norway
578,1,1,280,5,902,8526828,8.29,1953,1957,Bladder and urinary tract,Norway
578,1,1,290,17,189,8526828,1.85,1953,1957,Melanoma of skin,Norway
578,1,1,300,10,417,8526828,3.7,1953,1957,"Skin, non-melanoma",Norway
578,1,1,310,21,91,8526828,0.93,1953,1957,Eye,Norway
578,1,1,315,35,3,8526828,0.03,1953,1957,Endocrine tumors of brain and CNS,Norway
578,1,1,320,8,623,8526828,6.61,1953,1957,Brain and CNS excluding endocrine tumors,Norway
578,1,1,330,23,85,8526828,0.79,1953,1957,Thyroid,Norway
578,1,1,340,19,93,8526828,1.11,1953,1957,Bone,Norway
578,1,1,350,20,104,8526828,1.07,1953,1957,Soft tissues,Norway
578,1,1,360,11,361,8526828,3.63,1953,1957,Non Hodgkin lymphomas,Norway
578,1,1,370,16,200,8526828,2.19,1953,1957,Hodgkin lymphomas,Norway
578,1,1,380,15,247,8526828,2.32,1953,1957,Multiple myelomas,Norway
578,1,1,394,43,0,8526828,0,1953,1957,Other hematopoietic diseases,Norway
578,1,1,400,7,690,8526828,7.11,1953,1957,Leukaemias,Norway
578,1,1,403,30,49,8526828,0.44,1953,1957,Other and unspecified lymphatic leukaemias,Norway
578,1,1,510,6,825,8526828,7.54,1953,1957,"Lip, oral cavity and pharynx",Norway
578,1,1,520,3,1740,8526828,15.77,1953,1957,Colorectal,Norway
578,1,10,40,18,864,13381319,3.94,2016,2020,Oropharynx,Norway
578,1,10,41,36,49,13381319,0.25,2016,2020,Nasopharynx,Norway
578,1,10,50,35,116,13381319,0.45,2016,2020,Hypopharynx,Norway
578,1,10,60,16,1188,13381319,4.63,2016,2020,Oesophagus,Norway
578,1,10,70,15,1417,13381319,5.24,2016,2020,Stomach,Norway
578,1,10,80,21,621,13381319,2.56,2016,2020,Small intestine,Norway
578,1,10,105,31,170,13381319,0.72,2016,2020,Anus and anal canal,Norway
578,1,10,110,17,1101,13381319,4.3,2016,2020,Liver,Norway
578,1,10,120,23,550,13381319,2.07,2016,2020,Gallbladder,Norway
578,1,10,130,13,2209,13381319,8.05,2016,2020,Pancreas,Norway
578,1,10,140,33,133,13381319,0.56,2016,2020,"Nasal Cavity, middle ear and sinuses",Norway
578,1,10,150,24,433,13381319,1.64,2016,2020,Larynx,Norway
578,1,10,160,3,8499,13381319,30.64,2016,2020,Lung,Norway
578,1,10,170,29,325,13381319,1.02,2016,2020,Pleura,Norway
578,1,10,180,32,152,13381319,0.57,2016,2020,Breast,Norway
578,1,10,190,37,0,13381319,0,2016,2020,Cervix uteri,Norway
578,1,10,200,38,0,13381319,0,2016,2020,Corpus uteri,Norway
578,1,10,210,39,0,13381319,0,2016,2020,"Uterus, other",Norway
578,1,10,220,40,0,13381319,0,2016,2020,Ovary and tubes,Norway
578,1,10,227,41,0,13381319,0,2016,2020,Vulva,Norway
578,1,10,228,42,0,13381319,0,2016,2020,Vagina,Norway
578,1,10,229,43,0,13381319,0,2016,2020,Other female genital organs,Norway
578,1,10,240,1,25412,13381319,97.1,2016,2020,Prostate,Norway
578,1,10,250,11,1487,13381319,10.3,2016,2020,Testis,Norway
578,1,10,260,26,337,13381319,1.33,2016,2020,Penis and other male genital organs,Norway
578,1,10,270,7,3078,13381319,13.16,2016,2020,Kidney,Norway
578,1,10,280,5,5911,13381319,20.61,2016,2020,Bladder and urinary tract,Norway
578,1,10,290,4,5808,13381319,24.13,2016,2020,Melanoma of skin,Norway
578,1,10,300,6,6556,13381319,20,2016,2020,"Skin, non-melanoma",Norway
578,1,10,310,28,211,13381319,1.04,2016,2020,Eye,Norway
578,1,10,315,30,151,13381319,0.81,2016,2020,Endocrine tumors of brain and CNS,Norway
578,1,10,320,8,2230,13381319,11.77,2016,2020,Brain and CNS excluding endocrine tumors,Norway
578,1,10,330,19,677,13381319,3.4,2016,2020,Thyroid,Norway
578,1,10,340,27,174,13381319,1.09,2016,2020,Bone,Norway
578,1,10,350,22,481,13381319,2.13,2016,2020,Soft tissues,Norway
578,1,10,360,9,2755,13381319,11.69,2016,2020,Non Hodgkin lymphomas,Norway
578,1,10,370,20,441,13381319,2.72,2016,2020,Hodgkin lymphomas,Norway
578,1,10,380,14,1484,13381319,5.6,2016,2020,Multiple myelomas,Norway
578,1,10,394,25,434,13381319,1.61,2016,2020,Other hematopoietic diseases,Norway
578,1,10,400,10,2336,13381319,10.85,2016,2020,Leukaemias,Norway
578,1,10,403,34,135,13381319,0.54,2016,2020,Other and unspecified lymphatic leukaemias,Norway
578,1,10,510,12,2095,13381319,8.9,2016,2020,"Lip, oral cavity and pharynx",Norway
578,1,10,520,2,11480,13381319,43.15,2016,2020,Colorectal,Norway
578,2,1,40,31,59,8609225,0.45,1953,1957,Oropharynx,Norway
578,2,1,41,35,20,8609225,0.16,1953,1957,Nasopharynx,Norway
578,2,1,50,30,58,8609225,0.49,1953,1957,Hypopharynx,Norway
578,2,1,60,22,120,8609225,0.89,1953,1957,Oesophagus,Norway
578,2,1,70,2,3039,8609225,22.7,1953,1957,Stomach,Norway
578,2,1,80,33,47,8609225,0.37,1953,1957,Small intestine,Norway
578,2,1,105,36,20,8609225,0.15,1953,1957,Anus and anal canal,Norway
578,2,1,110,32,49,8609225,0.4,1953,1957,Liver,Norway
578,2,1,120,18,187,8609225,1.46,1953,1957,Gallbladder,Norway
578,2,1,130,10,410,8609225,3.18,1953,1957,Pancreas,Norway
578,2,1,140,29,66,8609225,0.53,1953,1957,"Nasal Cavity, middle ear and sinuses",Norway
578,2,1,150,37,10,8609225,0.08,1953,1957,Larynx,Norway
578,2,1,160,17,216,8609225,1.82,1953,1957,Lung,Norway
578,2,1,170,38,2,8609225,0.02,1953,1957,Pleura,Norway
578,2,1,180,1,4273,8609225,37.03,1953,1957,Breast,Norway
578,2,1,190,3,1610,8609225,14.92,1953,1957,Cervix uteri,Norway
578,2,1,200,6,769,8609225,6.76,1953,1957,Corpus uteri,Norway
578,2,1,210,24,108,8609225,0.84,1953,1957,"Uterus, other",Norway
578,2,1,220,5,1175,8609225,10.59,1953,1957,Ovary and tubes,Norway
578,2,1,227,21,150,8609225,1.16,1953,1957,Vulva,Norway
578,2,1,228,27,66,8609225,0.55,1953,1957,Vagina,Norway
578,2,1,229,28,63,8609225,0.55,1953,1957,Other female genital organs,Norway
578,2,1,240,40,0,8609225,0,1953,1957,Prostate,Norway
578,2,1,250,41,0,8609225,0,1953,1957,Testis,Norway
578,2,1,260,42,0,8609225,0,1953,1957,Penis and other male genital organs,Norway
578,2,1,270,11,316,8609225,2.82,1953,1957,Kidney,Norway
578,2,1,280,9,445,8609225,3.43,1953,1957,Bladder and urinary tract,Norway
578,2,1,290,15,228,8609225,2.11,1953,1957,Melanoma of skin,Norway
578,2,1,300,14,279,8609225,2.13,1953,1957,"Skin, non-melanoma",Norway
578,2,1,310,25,75,8609225,0.73,1953,1957,Eye,Norway
578,2,1,315,39,1,8609225,0.01,1953,1957,Endocrine tumors of brain and CNS,Norway
578,2,1,320,7,548,8609225,5.51,1953,1957,Brain and CNS excluding endocrine tumors,Norway
578,2,1,330,13,250,8609225,2.14,1953,1957,Thyroid,Norway
578,2,1,340,26,65,8609225,0.73,1953,1957,Bone,Norway
578,2,1,350,23,94,8609225,0.85,1953,1957,Soft tissues,Norway
578,2,1,360,16,224,8609225,2.08,1953,1957,Non Hodgkin lymphomas,Norway
578,2,1,370,19,144,8609225,1.46,1953,1957,Hodgkin lymphomas,Norway
578,2,1,380,20,180,8609225,1.46,1953,1957,Multiple myelomas,Norway
578,2,1,394,43,0,8609225,0,1953,1957,Other hematopoietic diseases,Norway
578,2,1,400,8,542,8609225,5.37,1953,1957,Leukaemias,Norway
578,2,1,403,34,31,8609225,0.23,1953,1957,Other and unspecified lymphatic leukaemias,Norway
578,2,1,510,12,286,8609225,2.26,1953,1957,"Lip, oral cavity and pharynx",Norway
578,2,1,520,4,1703,8609225,13.24,1953,1957,Colorectal,Norway
578,2,10,40,27,285,13171084,1.28,2016,2020,Oropharynx,Norway
578,2,10,41,39,27,13171084,0.14,2016,2020,Nasopharynx,Norway
578,2,10,50,40,24,13171084,0.08,2016,2020,Hypopharynx,Norway
578,2,10,60,26,410,13171084,1.33,2016,2020,Oesophagus,Norway
578,2,10,70,18,851,13171084,2.88,2016,2020,Stomach,Norway
578,2,10,80,23,447,13171084,1.68,2016,2020,Small intestine,Norway
578,2,10,105,25,342,13171084,1.41,2016,2020,Anus and anal canal,Norway
578,2,10,110,19,618,13171084,2.22,2016,2020,Liver,Norway
578,2,10,120,21,565,13171084,1.88,2016,2020,Gallbladder,Norway
578,2,10,130,14,1926,13171084,6.04,2016,2020,Pancreas,Norway
578,2,10,140,35,80,13171084,0.32,2016,2020,"Nasal Cavity, middle ear and sinuses",Norway
578,2,10,150,34,100,13171084,0.42,2016,2020,Larynx,Norway
578,2,10,160,3,8056,13171084,27.68,2016,2020,Lung,Norway
578,2,10,170,38,59,13171084,0.18,2016,2020,Pleura,Norway
578,2,10,180,1,17723,13171084,81.51,2016,2020,Breast,Norway
578,2,10,190,8,1819,13171084,10.98,2016,2020,Cervix uteri,Norway
578,2,10,200,5,3904,13171084,15.08,2016,2020,Corpus uteri,Norway
578,2,10,210,37,56,13171084,0.22,2016,2020,"Uterus, other",Norway
578,2,10,220,9,2269,13171084,9.52,2016,2020,Ovary and tubes,Norway
578,2,10,227,24,470,13171084,1.63,2016,2020,Vulva,Norway
578,2,10,228,33,111,13171084,0.44,2016,2020,Vagina,Norway
578,2,10,229,32,240,13171084,0.65,2016,2020,Other female genital organs,Norway
578,2,10,240,41,0,13171084,0,2016,2020,Prostate,Norway
578,2,10,250,42,0,13171084,0,2016,2020,Testis,Norway
578,2,10,260,43,0,13171084,0,2016,2020,Penis and other male genital organs,Norway
578,2,10,270,15,1444,13171084,5.86,2016,2020,Kidney,Norway
578,2,10,280,13,1953,13171084,6.15,2016,2020,Bladder and urinary tract,Norway
578,2,10,290,4,5568,13171084,24.93,2016,2020,Melanoma of skin,Norway
578,2,10,300,6,5628,13171084,14.18,2016,2020,"Skin, non-melanoma",Norway
578,2,10,310,29,183,13171084,0.88,2016,2020,Eye,Norway
578,2,10,315,30,141,13171084,0.82,2016,2020,Endocrine tumors of brain and CNS,Norway
578,2,10,320,7,2665,13171084,13.64,2016,2020,Brain and CNS excluding endocrine tumors,Norway
578,2,10,330,10,1619,13171084,9.11,2016,2020,Thyroid,Norway
578,2,10,340,31,124,13171084,0.8,2016,2020,Bone,Norway
578,2,10,350,22,381,13171084,1.75,2016,2020,Soft tissues,Norway
578,2,10,360,11,2095,13171084,8.05,2016,2020,Non Hodgkin lymphomas,Norway
578,2,10,370,20,315,13171084,2.15,2016,2020,Hodgkin lymphomas,Norway
578,2,10,380,17,1054,13171084,3.55,2016,2020,Multiple myelomas,Norway
578,2,10,394,28,334,13171084,1.17,2016,2020,Other hematopoietic diseases,Norway
578,2,10,400,12,1593,13171084,7.22,2016,2020,Leukaemias,Norway
578,2,10,403,36,62,13171084,0.25,2016,2020,Other and unspecified lymphatic leukaemias,Norway
578,2,10,510,16,1183,13171084,4.52,2016,2020,"Lip, oral cavity and pharynx",Norway
578,2,10,520,2,10715,13171084,35.55,2016,2020,Colorectal,Norway
752,1,1,40,31,128,18875469,0.47,1960,1964,Oropharynx,Sweden
752,1,1,41,29,145,18875469,0.56,1960,1964,Nasopharynx,Sweden
752,1,1,50,28,165,18875469,0.59,1960,1964,Hypopharynx,Sweden
752,1,1,60,17,717,18875469,2.51,1960,1964,Oesophagus,Sweden
752,1,1,70,2,7146,18875469,24.62,1960,1964,Stomach,Sweden
752,1,1,80,26,217,18875469,0.78,1960,1964,Small intestine,Sweden
752,1,1,105,35,0,18875469,0,1960,1964,Anus and anal canal,Sweden
752,1,1,110,16,716,18875469,2.55,1960,1964,Liver,Sweden
752,1,1,120,20,524,18875469,1.82,1960,1964,Gallbladder,Sweden
752,1,1,130,9,1974,18875469,6.86,1960,1964,Pancreas,Sweden
752,1,1,140,27,208,18875469,0.76,1960,1964,"Nasal Cavity, middle ear and sinuses",Sweden
752,1,1,150,19,517,18875469,1.92,1960,1964,Larynx,Sweden
752,1,1,160,4,4552,18875469,16.54,1960,1964,Lung,Sweden
752,1,1,170,33,58,18875469,0.21,1960,1964,Pleura,Sweden
752,1,1,180,32,97,18875469,0.34,1960,1964,Breast,Sweden
752,1,1,190,36,0,18875469,0,1960,1964,Cervix uteri,Sweden
752,1,1,200,37,0,18875469,0,1960,1964,Corpus uteri,Sweden
752,1,1,210,38,0,18875469,0,1960,1964,"Uterus, other",Sweden
752,1,1,220,39,0,18875469,0,1960,1964,Ovary and tubes,Sweden
752,1,1,227,40,0,18875469,0,1960,1964,Vulva,Sweden
752,1,1,228,41,0,18875469,0,1960,1964,Vagina,Sweden
752,1,1,229,42,0,18875469,0,1960,1964,Other female genital organs,Sweden
752,1,1,240,1,9190,18875469,29.84,1960,1964,Prostate,Sweden
752,1,1,250,18,462,18875469,2.32,1960,1964,Testis,Sweden
752,1,1,260,24,279,18875469,1.02,1960,1964,Penis and other male genital organs,Sweden
752,1,1,270,8,1960,18875469,7.16,1960,1964,Kidney,Sweden
752,1,1,280,5,2623,18875469,9.34,1960,1964,Bladder and urinary tract,Sweden
752,1,1,290,15,645,18875469,2.65,1960,1964,Melanoma of skin,Sweden
752,1,1,300,11,1243,18875469,4.29,1960,1964,"Skin, non-melanoma",Sweden
752,1,1,310,25,244,18875469,1.02,1960,1964,Eye,Sweden
752,1,1,315,34,25,18875469,0.13,1960,1964,Endocrine tumors of brain and CNS,Sweden
752,1,1,320,7,1721,18875469,7.44,1960,1964,Brain and CNS excluding endocrine tumors,Sweden
752,1,1,330,22,326,18875469,1.31,1960,1964,Thyroid,Sweden
752,1,1,340,23,213,18875469,1.05,1960,1964,Bone,Sweden
752,1,1,350,21,420,18875469,1.73,1960,1964,Soft tissues,Sweden
752,1,1,360,12,895,18875469,3.53,1960,1964,Non Hodgkin lymphomas,Sweden
752,1,1,370,13,709,18875469,3.12,1960,1964,Hodgkin lymphomas,Sweden
752,1,1,380,14,819,18875469,2.89,1960,1964,Multiple myelomas,Sweden
752,1,1,394,30,126,18875469,0.51,1960,1964,Other hematopoietic diseases,Sweden
752,1,1,400,6,1980,18875469,8,1960,1964,Leukaemias,Sweden
752,1,1,403,43,0,18875469,0,1960,1964,Other and unspecified lymphatic leukaemias,Sweden
752,1,1,510,10,1708,18875469,6.26,1960,1964,"Lip, oral cavity and pharynx",Sweden
752,1,1,520,3,6844,18875469,23.88,1960,1964,Colorectal,Sweden
752,1,10,40,17,1648,25511194,3.76,2016,2020,Oropharynx,Sweden
752,1,10,41,35,118,25511194,0.31,2016,2020,Nasopharynx,Sweden
752,1,10,50,34,229,25511194,0.42,2016,2020,Hypopharynx,Sweden
752,1,10,60,18,1848,25511194,3.22,2016,2020,Oesophagus,Sweden
752,1,10,70,15,2581,25511194,4.59,2016,2020,Stomach,Sweden
752,1,10,80,23,826,25511194,1.57,2016,2020,Small intestine,Sweden
752,1,10,105,30,292,25511194,0.6,2016,2020,Anus and anal canal,Sweden
752,1,10,110,14,2764,25511194,5.29,2016,2020,Liver,Sweden
752,1,10,120,21,1136,25511194,2.02,2016,2020,Gallbladder,Sweden
752,1,10,130,12,3819,25511194,6.9,2016,2020,Pancreas,Sweden
752,1,10,140,33,218,25511194,0.46,2016,2020,"Nasal Cavity, middle ear and sinuses",Sweden
752,1,10,150,24,732,25511194,1.35,2016,2020,Larynx,Sweden
752,1,10,160,6,10060,25511194,16.58,2016,2020,Lung,Sweden
752,1,10,170,29,440,25511194,0.66,2016,2020,Pleura,Sweden
752,1,10,180,31,284,25511194,0.52,2016,2020,Breast,Sweden
752,1,10,190,37,0,25511194,0,2016,2020,Cervix uteri,Sweden
752,1,10,200,38,0,25511194,0,2016,2020,Corpus uteri,Sweden
752,1,10,210,39,0,25511194,0,2016,2020,"Uterus, other",Sweden
752,1,10,220,40,0,25511194,0,2016,2020,Ovary and tubes,Sweden
752,1,10,227,41,0,25511194,0,2016,2020,Vulva,Sweden
752,1,10,228,42,0,25511194,0,2016,2020,Vagina,Sweden
752,1,10,229,43,0,25511194,0,2016,2020,Other female genital organs,Sweden
752,1,10,240,1,52130,25511194,96.56,2016,2020,Prostate,Sweden
752,1,10,250,13,1809,25511194,6.79,2016,2020,Testis,Sweden
752,1,10,260,25,707,25511194,1.27,2016,2020,Penis and other male genital organs,Sweden
752,1,10,270,10,4109,25511194,8.75,2016,2020,Kidney,Sweden
752,1,10,280,5,11584,25511194,18.51,2016,2020,Bladder and urinary tract,Sweden
752,1,10,290,3,10548,25511194,21.74,2016,2020,Melanoma of skin,Sweden
752,1,10,300,4,15843,25511194,21.73,2016,2020,"Skin, non-melanoma",Sweden
752,1,10,310,28,368,25511194,0.89,2016,2020,Eye,Sweden
752,1,10,315,36,22,25511194,0.08,2016,2020,Endocrine tumors of brain and CNS,Sweden
752,1,10,320,8,3390,25511194,9.36,2016,2020,Brain and CNS excluding endocrine tumors,Sweden
752,1,10,330,20,823,25511194,2.1,2016,2020,Thyroid,Sweden
752,1,10,340,27,268,25511194,0.93,2016,2020,Bone,Sweden
752,1,10,350,22,882,25511194,1.94,2016,2020,Soft tissues,Sweden
752,1,10,360,7,5083,25511194,9.96,2016,2020,Non Hodgkin lymphomas,Sweden
752,1,10,370,19,653,25511194,2.2,2016,2020,Hodgkin lymphomas,Sweden
752,1,10,380,16,2302,25511194,4.05,2016,2020,Multiple myelomas,Sweden
752,1,10,394,26,625,25511194,1.16,2016,2020,Other hematopoietic diseases,Sweden
752,1,10,400,9,4014,25511194,9.16,2016,2020,Leukaemias,Sweden
752,1,10,403,32,229,25511194,0.52,2016,2020,Other and unspecified lymphatic leukaemias,Sweden
752,1,10,510,11,3794,25511194,7.95,2016,2020,"Lip, oral cavity and pharynx",Sweden
752,1,10,520,2,17909,25511194,31.44,2016,2020,Colorectal,Sweden
752,2,1,40,34,55,18956501,0.17,1960,1964,Oropharynx,Sweden
752,2,1,41,33,97,18956501,0.32,1960,1964,Nasopharynx,Sweden
752,2,1,50,31,132,18956501,0.42,1960,1964,Hypopharynx,Sweden
752,2,1,60,25,385,18956501,1.12,1960,1964,Oesophagus,Sweden
752,2,1,70,5,4300,18956501,12.91,1960,1964,Stomach,Sweden
752,2,1,80,28,207,18956501,0.65,1960,1964,Small intestine,Sweden
752,2,1,105,39,0,18956501,0,1960,1964,Anus and anal canal,Sweden
752,2,1,110,24,478,18956501,1.47,1960,1964,Liver,Sweden
752,2,1,120,13,1109,18956501,3.29,1960,1964,Gallbladder,Sweden
752,2,1,130,10,1534,18956501,4.62,1960,1964,Pancreas,Sweden
752,2,1,140,30,132,18956501,0.44,1960,1964,"Nasal Cavity, middle ear and sinuses",Sweden
752,2,1,150,35,42,18956501,0.15,1960,1964,Larynx,Sweden
752,2,1,160,11,1167,18956501,3.78,1960,1964,Lung,Sweden
752,2,1,170,37,19,18956501,0.06,1960,1964,Pleura,Sweden
752,2,1,180,1,13201,18956501,46.28,1960,1964,Breast,Sweden
752,2,1,190,3,4071,18956501,16.73,1960,1964,Cervix uteri,Sweden
752,2,1,200,6,3324,18956501,11.55,1960,1964,Corpus uteri,Sweden
752,2,1,210,19,586,18956501,2.17,1960,1964,"Uterus, other",Sweden
752,2,1,220,4,3766,18956501,13.78,1960,1964,Ovary and tubes,Sweden
752,2,1,227,22,537,18956501,1.71,1960,1964,Vulva,Sweden
752,2,1,228,32,105,18956501,0.35,1960,1964,Vagina,Sweden
752,2,1,229,38,2,18956501,0.01,1960,1964,Other female genital organs,Sweden
752,2,1,240,40,0,18956501,0,1960,1964,Prostate,Sweden
752,2,1,250,41,0,18956501,0,1960,1964,Testis,Sweden
752,2,1,260,42,0,18956501,0,1960,1964,Penis and other male genital organs,Sweden
752,2,1,270,9,1484,18956501,4.99,1960,1964,Kidney,Sweden
752,2,1,280,12,1116,18956501,3.49,1960,1964,Bladder and urinary tract,Sweden
752,2,1,290,15,754,18956501,3.05,1960,1964,Melanoma of skin,Sweden
752,2,1,300,18,729,18956501,2.24,1960,1964,"Skin, non-melanoma",Sweden
752,2,1,310,26,206,18956501,0.8,1960,1964,Eye,Sweden
752,2,1,315,36,20,18956501,0.1,1960,1964,Endocrine tumors of brain and CNS,Sweden
752,2,1,320,7,1839,18956501,7.39,1960,1964,Brain and CNS excluding endocrine tumors,Sweden
752,2,1,330,14,809,18956501,3.11,1960,1964,Thyroid,Sweden
752,2,1,340,27,165,18956501,0.75,1960,1964,Bone,Sweden
752,2,1,350,23,371,18956501,1.51,1960,1964,Soft tissues,Sweden
752,2,1,360,17,741,18956501,2.53,1960,1964,Non Hodgkin lymphomas,Sweden
752,2,1,370,20,465,18956501,1.9,1960,1964,Hodgkin lymphomas,Sweden
752,2,1,380,21,603,18956501,1.87,1960,1964,Multiple myelomas,Sweden
752,2,1,394,29,126,18956501,0.46,1960,1964,Other hematopoietic diseases,Sweden
752,2,1,400,8,1432,18956501,5.58,1960,1964,Leukaemias,Sweden
752,2,1,403,43,0,18956501,0,1960,1964,Other and unspecified lymphatic leukaemias,Sweden
752,2,1,510,16,825,18956501,2.72,1960,1964,"Lip, oral cavity and pharynx",Sweden
752,2,1,520,2,6144,18956501,19.54,1960,1964,Colorectal,Sweden
752,2,10,40,26,621,25277184,1.42,2016,2020,Oropharynx,Sweden
752,2,10,41,36,57,25277184,0.16,2016,2020,Nasopharynx,Sweden
752,2,10,50,39,65,25277184,0.1,2016,2020,Hypopharynx,Sweden
752,2,10,60,28,709,25277184,1.13,2016,2020,Oesophagus,Sweden
752,2,10,70,18,1553,25277184,2.59,2016,2020,Stomach,Sweden
752,2,10,80,27,658,25277184,1.16,2016,2020,Small intestine,Sweden
752,2,10,105,22,822,25277184,1.65,2016,2020,Anus and anal canal,Sweden
752,2,10,110,19,1317,25277184,2.23,2016,2020,Liver,Sweden
752,2,10,120,20,1390,25277184,2.1,2016,2020,Gallbladder,Sweden
752,2,10,130,14,3743,25277184,6.08,2016,2020,Pancreas,Sweden
752,2,10,140,32,180,25277184,0.35,2016,2020,"Nasal Cavity, middle ear and sinuses",Sweden
752,2,10,150,33,166,25277184,0.33,2016,2020,Larynx,Sweden
752,2,10,160,4,11589,25277184,18.72,2016,2020,Lung,Sweden
752,2,10,170,37,102,25277184,0.15,2016,2020,Pleura,Sweden
752,2,10,180,1,36490,25277184,81.27,2016,2020,Breast,Sweden
752,2,10,190,8,2823,25277184,8.54,2016,2020,Cervix uteri,Sweden
752,2,10,200,6,6788,25277184,12.02,2016,2020,Corpus uteri,Sweden
752,2,10,210,24,833,25277184,1.5,2016,2020,"Uterus, other",Sweden
752,2,10,220,9,3479,25277184,7.58,2016,2020,Ovary and tubes,Sweden
752,2,10,227,23,1018,25277184,1.55,2016,2020,Vulva,Sweden
752,2,10,228,34,152,25277184,0.28,2016,2020,Vagina,Sweden
752,2,10,229,38,95,25277184,0.12,2016,2020,Other female genital organs,Sweden
752,2,10,240,41,0,25277184,0,2016,2020,Prostate,Sweden
752,2,10,250,42,0,25277184,0,2016,2020,Testis,Sweden
752,2,10,260,43,0,25277184,0,2016,2020,Penis and other male genital organs,Sweden
752,2,10,270,16,2090,25277184,4.37,2016,2020,Kidney,Sweden
752,2,10,280,12,4169,25277184,6.19,2016,2020,Bladder and urinary tract,Sweden
752,2,10,290,3,9796,25277184,22.1,2016,2020,Melanoma of skin,Sweden
752,2,10,300,5,12987,25277184,15.62,2016,2020,"Skin, non-melanoma",Sweden
752,2,10,310,31,340,25277184,0.76,2016,2020,Eye,Sweden
752,2,10,315,40,14,25277184,0.07,2016,2020,Endocrine tumors of brain and CNS,Sweden
752,2,10,320,7,3697,25277184,9.99,2016,2020,Brain and CNS excluding endocrine tumors,Sweden
752,2,10,330,10,2326,25277184,6.91,2016,2020,Thyroid,Sweden
752,2,10,340,29,236,25277184,0.84,2016,2020,Bone,Sweden
752,2,10,350,25,647,25277184,1.49,2016,2020,Soft tissues,Sweden
752,2,10,360,11,3769,25277184,6.6,2016,2020,Non Hodgkin lymphomas,Sweden
752,2,10,370,21,488,25277184,1.76,2016,2020,Hodgkin lymphomas,Sweden
752,2,10,380,17,1679,25277184,2.66,2016,2020,Multiple myelomas,Sweden
752,2,10,394,30,485,25277184,0.83,2016,2020,Other hematopoietic diseases,Sweden
752,2,10,400,13,2773,25277184,6.17,2016,2020,Leukaemias,Sweden
752,2,10,403,35,83,25277184,0.18,2016,2020,Other and unspecified lymphatic leukaemias,Sweden
752,2,10,510,15,2410,25277184,4.61,2016,2020,"Lip, oral cavity and pharynx",Sweden
752,2,10,520,2,15936,25277184,25.26,2016,2020,Colorectal,Sweden
